[
{
  "pk": 1, 
  "model": "meadery.ingredient", 
  "fields": {
    "appellation": "Oregon", 
    "name": "Local Honey", 
    "sg": "1.422", 
    "subtype": 101, 
    "state": 1, 
    "sh": "0.57", 
    "tolerance": 12, 
    "is_natural": true, 
    "type": 1, 
    "cpu": "10.00"
  }
},
{
  "pk": 2, 
  "model": "meadery.ingredient", 
  "fields": {
    "appellation": "(None)", 
    "name": "Scary Honey", 
    "sg": "1.422", 
    "subtype": 101, 
    "state": 1, 
    "sh": "0.57", 
    "tolerance": 12, 
    "is_natural": false, 
    "type": 1, 
    "cpu": "5.00"
  }
},
{
  "pk": 3, 
  "model": "meadery.ingredient", 
  "fields": {
    "appellation": "Oregon", 
    "name": "Local Water", 
    "sg": "1.000", 
    "subtype": 201, 
    "state": 2, 
    "sh": "1.00", 
    "tolerance": 12, 
    "is_natural": true, 
    "type": 2, 
    "cpu": "0.20"
  }
},
{
  "pk": 4, 
  "model": "meadery.ingredient", 
  "fields": {
    "appellation": "Oregon", 
    "name": "Tap Water", 
    "sg": "1.000", 
    "subtype": 201, 
    "state": 2, 
    "sh": "1.00", 
    "tolerance": 12, 
    "is_natural": false, 
    "type": 2, 
    "cpu": "0.01"
  }
},
{
  "pk": 5, 
  "model": "meadery.ingredient", 
  "fields": {
    "appellation": "(None)", 
    "name": "Apple Juice", 
    "sg": "1.042", 
    "subtype": 203, 
    "state": 2, 
    "sh": "0.67", 
    "tolerance": 12, 
    "is_natural": true, 
    "type": 2, 
    "cpu": "1.20"
  }
},
{
  "pk": 6, 
  "model": "meadery.ingredient", 
  "fields": {
    "appellation": "(None)", 
    "name": "Cinnamon Sticks", 
    "sg": "1.000", 
    "subtype": 301, 
    "state": 3, 
    "sh": "1.00", 
    "tolerance": 12, 
    "is_natural": true, 
    "type": 3, 
    "cpu": "0.05"
  }
},
{
  "pk": 7, 
  "model": "meadery.ingredient", 
  "fields": {
    "appellation": "(None)", 
    "name": "Ghirardelli Unsweetened Cocoa", 
    "sg": "1.000", 
    "subtype": 301, 
    "state": 3, 
    "sh": "1.00", 
    "tolerance": 12, 
    "is_natural": true, 
    "type": 3, 
    "cpu": "33.47"
  }
},
{
  "pk": 8, 
  "model": "meadery.ingredient", 
  "fields": {
    "appellation": "Oregon", 
    "name": "Freeze-Dried Blueberry Powder", 
    "sg": "1.000", 
    "subtype": 304, 
    "state": 3, 
    "sh": "1.00", 
    "tolerance": 12, 
    "is_natural": true, 
    "type": 3, 
    "cpu": "143.20"
  }
},
{
  "pk": 9, 
  "model": "meadery.ingredient", 
  "fields": {
    "appellation": "(None)", 
    "name": "Red Star Champagne Yeast", 
    "sg": "1.000", 
    "subtype": 401, 
    "state": 3, 
    "sh": "1.00", 
    "tolerance": 18, 
    "is_natural": true, 
    "type": 4, 
    "cpu": "3.95"
  }
},
{
  "pk": 10, 
  "model": "meadery.ingredient", 
  "fields": {
    "appellation": "(None)", 
    "name": "Red Star Cote des Blancs", 
    "sg": "1.000", 
    "subtype": 401, 
    "state": 3, 
    "sh": "1.00", 
    "tolerance": 12, 
    "is_natural": true, 
    "type": 4, 
    "cpu": "3.95"
  }
},
{
  "pk": 1, 
  "model": "meadery.ingredientitem", 
  "fields": {
    "amount": "4.540", 
    "temp": 70, 
    "parent": 3, 
    "ingredient": 1
  }
},
{
  "pk": 2, 
  "model": "meadery.ingredientitem", 
  "fields": {
    "amount": "9.725", 
    "temp": 140, 
    "parent": 3, 
    "ingredient": 3
  }
},
{
  "pk": 3, 
  "model": "meadery.ingredientitem", 
  "fields": {
    "amount": "9.725", 
    "temp": 70, 
    "parent": 3, 
    "ingredient": 3
  }
},
{
  "pk": 4, 
  "model": "meadery.ingredientitem", 
  "fields": {
    "amount": "4.540", 
    "temp": 70, 
    "parent": 4, 
    "ingredient": 2
  }
},
{
  "pk": 5, 
  "model": "meadery.ingredientitem", 
  "fields": {
    "amount": "9.725", 
    "temp": 140, 
    "parent": 4, 
    "ingredient": 4
  }
},
{
  "pk": 6, 
  "model": "meadery.ingredientitem", 
  "fields": {
    "amount": "9.725", 
    "temp": 70, 
    "parent": 4, 
    "ingredient": 4
  }
},
{
  "pk": 7, 
  "model": "meadery.ingredientitem", 
  "fields": {
    "amount": "4.540", 
    "temp": 70, 
    "parent": 5, 
    "ingredient": 1
  }
},
{
  "pk": 8, 
  "model": "meadery.ingredientitem", 
  "fields": {
    "amount": "9.725", 
    "temp": 140, 
    "parent": 5, 
    "ingredient": 3
  }
},
{
  "pk": 9, 
  "model": "meadery.ingredientitem", 
  "fields": {
    "amount": "9.725", 
    "temp": 70, 
    "parent": 5, 
    "ingredient": 3
  }
},
{
  "pk": 10, 
  "model": "meadery.ingredientitem", 
  "fields": {
    "amount": "0.454", 
    "temp": 70, 
    "parent": 5, 
    "ingredient": 8
  }
},
{
  "pk": 11, 
  "model": "meadery.ingredientitem", 
  "fields": {
    "amount": "1.000", 
    "temp": 70, 
    "parent": 5, 
    "ingredient": 9
  }
},
{
  "pk": 12, 
  "model": "meadery.ingredientitem", 
  "fields": {
    "amount": "4.540", 
    "temp": 70, 
    "parent": 6, 
    "ingredient": 1
  }
},
{
  "pk": 13, 
  "model": "meadery.ingredientitem", 
  "fields": {
    "amount": "9.725", 
    "temp": 140, 
    "parent": 6, 
    "ingredient": 5
  }
},
{
  "pk": 14, 
  "model": "meadery.ingredientitem", 
  "fields": {
    "amount": "9.725", 
    "temp": 70, 
    "parent": 6, 
    "ingredient": 5
  }
},
{
  "pk": 15, 
  "model": "meadery.ingredientitem", 
  "fields": {
    "amount": "10.000", 
    "temp": 100, 
    "parent": 6, 
    "ingredient": 6
  }
},
{
  "pk": 16, 
  "model": "meadery.ingredientitem", 
  "fields": {
    "amount": "1.000", 
    "temp": 100, 
    "parent": 6, 
    "ingredient": 10
  }
},
{
  "pk": 17, 
  "model": "meadery.ingredientitem", 
  "fields": {
    "amount": "4.540", 
    "temp": 70, 
    "parent": 7, 
    "ingredient": 1
  }
},
{
  "pk": 18, 
  "model": "meadery.ingredientitem", 
  "fields": {
    "amount": "9.725", 
    "temp": 140, 
    "parent": 7, 
    "ingredient": 3
  }
},
{
  "pk": 19, 
  "model": "meadery.ingredientitem", 
  "fields": {
    "amount": "9.725", 
    "temp": 70, 
    "parent": 7, 
    "ingredient": 3
  }
},
{
  "pk": 20, 
  "model": "meadery.ingredientitem", 
  "fields": {
    "amount": "0.283", 
    "temp": 100, 
    "parent": 7, 
    "ingredient": 7
  }
},
{
  "pk": 21, 
  "model": "meadery.ingredientitem", 
  "fields": {
    "amount": "10.000", 
    "temp": 100, 
    "parent": 7, 
    "ingredient": 6
  }
},
{
  "pk": 22, 
  "model": "meadery.ingredientitem", 
  "fields": {
    "amount": "1.000", 
    "temp": 100, 
    "parent": 7, 
    "ingredient": 10
  }
},
{
  "pk": 23, 
  "model": "meadery.ingredientitem", 
  "fields": {
    "amount": "1.000", 
    "temp": 100, 
    "parent": 3, 
    "ingredient": 9
  }
},
{
  "pk": 24, 
  "model": "meadery.ingredientitem", 
  "fields": {
    "amount": "1.000", 
    "temp": 100, 
    "parent": 4, 
    "ingredient": 9
  }
},
{
  "pk": 25, 
  "model": "meadery.ingredientitem", 
  "fields": {
    "amount": "4.540", 
    "temp": 70, 
    "parent": 3, 
    "ingredient": 1
  }
},
{
  "pk": 26, 
  "model": "meadery.ingredientitem", 
  "fields": {
    "amount": "9.725", 
    "temp": 140, 
    "parent": 3, 
    "ingredient": 3
  }
},
{
  "pk": 27, 
  "model": "meadery.ingredientitem", 
  "fields": {
    "amount": "9.725", 
    "temp": 70, 
    "parent": 3, 
    "ingredient": 3
  }
},
{
  "pk": 28, 
  "model": "meadery.ingredientitem", 
  "fields": {
    "amount": "1.000", 
    "temp": 100, 
    "parent": 3, 
    "ingredient": 9
  }
},
{
  "pk": 29, 
  "model": "meadery.ingredientitem", 
  "fields": {
    "amount": "4.540", 
    "temp": 70, 
    "parent": 8, 
    "ingredient": 1
  }
},
{
  "pk": 30, 
  "model": "meadery.ingredientitem", 
  "fields": {
    "amount": "9.725", 
    "temp": 140, 
    "parent": 8, 
    "ingredient": 3
  }
},
{
  "pk": 31, 
  "model": "meadery.ingredientitem", 
  "fields": {
    "amount": "9.725", 
    "temp": 70, 
    "parent": 8, 
    "ingredient": 3
  }
},
{
  "pk": 32, 
  "model": "meadery.ingredientitem", 
  "fields": {
    "amount": "1.000", 
    "temp": 100, 
    "parent": 8, 
    "ingredient": 9
  }
},
{
  "pk": 1, 
  "model": "meadery.parent", 
  "fields": {
    "category": 263, 
    "description": "Sounds yummy.", 
    "title": "Blackberry/Chocolate"
  }
},
{
  "pk": 2, 
  "model": "meadery.parent", 
  "fields": {
    "category": 263, 
    "description": "Sounds yummy.", 
    "title": "Blackberry/Chocolate"
  }
},
{
  "pk": 3, 
  "model": "meadery.parent", 
  "fields": {
    "category": 241, 
    "description": "A simple, elegant mead made from locally-sourced raw materials.", 
    "title": "Local Mead"
  }
},
{
  "pk": 4, 
  "model": "meadery.parent", 
  "fields": {
    "category": 241, 
    "description": "Saving money while making good stuff.", 
    "title": "Cheap Mead"
  }
},
{
  "pk": 5, 
  "model": "meadery.parent", 
  "fields": {
    "category": 253, 
    "description": "This is some good stuff.", 
    "title": "Blueberry Mead"
  }
},
{
  "pk": 6, 
  "model": "meadery.parent", 
  "fields": {
    "category": 263, 
    "description": "Two great tastes that taste great together.", 
    "title": "Apple Cinnamon"
  }
},
{
  "pk": 7, 
  "model": "meadery.parent", 
  "fields": {
    "category": 261, 
    "description": "Cocoa and cinnamon are perfect together.", 
    "title": "Metheglin of Champions"
  }
},
{
  "pk": 8, 
  "model": "meadery.parent", 
  "fields": {
    "category": 241, 
    "description": "This one is from scratch!", 
    "title": "Scratch Batch"
  }
},
{
  "pk": 3, 
  "model": "meadery.recipe", 
  "fields": {}
},
{
  "pk": 4, 
  "model": "meadery.recipe", 
  "fields": {}
},
{
  "pk": 5, 
  "model": "meadery.recipe", 
  "fields": {}
},
{
  "pk": 6, 
  "model": "meadery.recipe", 
  "fields": {}
},
{
  "pk": 7, 
  "model": "meadery.recipe", 
  "fields": {}
},
{
  "pk": 3, 
  "model": "meadery.batch", 
  "fields": {
    "batchletter": "A", 
    "is_active": false, 
    "created_at": "2013-05-23T17:22:38Z", 
    "recipe": 3, 
    "brewname": "SIP 98", 
    "updated_at": "2013-05-23T17:23:13.576Z", 
    "jars": 0, 
    "event": "Christmas"
  }
},
{
  "pk": 8, 
  "model": "meadery.batch", 
  "fields": {
    "batchletter": "B", 
    "is_active": false, 
    "created_at": "2013-05-23T17:40:54.485Z", 
    "recipe": null, 
    "brewname": "SIP 98", 
    "updated_at": "2013-05-23T17:42:07.019Z", 
    "jars": 0, 
    "event": "Christmas"
  }
},
{
  "pk": 1, 
  "model": "meadery.sample", 
  "fields": {
    "date": "2013-05-02", 
    "notes": "Tastes great!", 
    "sg": "1.126", 
    "batch": 3, 
    "temp": 60
  }
},
{
  "pk": 2, 
  "model": "meadery.sample", 
  "fields": {
    "date": "2013-05-23", 
    "notes": "Tastes even better!", 
    "sg": "0.998", 
    "batch": 3, 
    "temp": 60
  }
},
{
  "pk": 1, 
  "model": "meadery.product", 
  "fields": {
    "meta_description": "blackberry-chocolate", 
    "bottled_sg": "1.126", 
    "is_featured": false, 
    "batchletter": "A", 
    "abv": "0.00", 
    "created_at": "2013-05-13T01:52:09.149Z", 
    "is_active": true, 
    "brewname": "SIP 1", 
    "updated_at": "2013-05-13T01:59:03.113Z", 
    "thumbnail": "", 
    "meta_keywords": "blackberry, chocolate", 
    "is_bestseller": false, 
    "image": "", 
    "brewed_sg": "1.126", 
    "bottled_date": "2007-02-03", 
    "slug": "sip-1-a", 
    "brewed_date": "2007-02-03"
  }
},
{
  "pk": 2, 
  "model": "meadery.product", 
  "fields": {
    "meta_description": "blackberry-chocolate", 
    "bottled_sg": "1.126", 
    "is_featured": false, 
    "batchletter": "B", 
    "abv": "0.00", 
    "created_at": "2013-05-13T02:00:13.517Z", 
    "is_active": true, 
    "brewname": "SIP 1", 
    "updated_at": "2013-05-13T02:00:13.517Z", 
    "thumbnail": "", 
    "meta_keywords": "blackberry, chocolate", 
    "is_bestseller": false, 
    "image": "", 
    "brewed_sg": "1.126", 
    "bottled_date": "2007-02-03", 
    "slug": "sip-1-b", 
    "brewed_date": "2007-02-03"
  }
}
]
